{"firstResult":12.54420280456543,"secondResult":18.147544860839845,"thirdResult":22.41908836364746}
